date,ticker,action,price,quantity,commission,strategy,zscore
2024-01-16,LEVI,BUY,20.55,1,0.010275,mean_reversion,-1109.9108656178987
2024-01-16,MHK,SELL,123.29,1,0.061645,mean_reversion,-1109.9108656178987
2024-01-17,LEVI,SELL,20.5,1,0.01025,mean_reversion,-1130.9376486205397
2024-01-17,MHK,BUY,125.15,1,0.062575,mean_reversion,-1130.9376486205397
2024-01-18,LEVI,BUY,20.09,1,0.010045,mean_reversion,-1075.1230989747855
2024-01-18,MHK,SELL,119.67,1,0.059835,mean_reversion,-1075.1230989747855
2024-01-19,LEVI,SELL,19.86,1,0.00993,mean_reversion,-1055.747634009001
2024-01-19,MHK,BUY,117.68,1,0.05884,mean_reversion,-1055.747634009001
2024-01-22,LEVI,SELL,19.23,1,0.009615,trend_following,-1013.0335407889764
2024-01-22,MHK,BUY,113.17,1,0.056585,trend_following,-1013.0335407889764
2024-01-25,LEVI,BUY,20.66,1,0.01033,trend_following,-943.3479196336268
2024-01-25,MHK,SELL,108.27,1,0.054135,trend_following,-943.3479196336268
2024-01-26,LEVI,SELL,20.51,1,0.010255,trend_following,-942.9075681571315
2024-01-26,MHK,BUY,108.08,1,0.05404,trend_following,-942.9075681571315
2024-01-29,LEVI,BUY,20.55,1,0.010275,trend_following,-951.2742462105384
2024-01-29,MHK,SELL,108.88,1,0.05444,trend_following,-951.2742462105384
2024-01-30,LEVI,SELL,21.3,1,0.01065,trend_following,-954.7970580224994
2024-01-30,MHK,BUY,109.95,1,0.054975,trend_following,-954.7970580224994
2024-01-31,LEVI,BUY,22.06,1,0.01103,trend_following,-984.85104629329
2024-01-31,MHK,SELL,113.44,1,0.05672,trend_following,-984.85104629329
2024-02-01,LEVI,BUY,21.57,1,0.010785,mean_reversion,-967.7874265791048
2024-02-01,MHK,SELL,111.4,1,0.0557,mean_reversion,-967.7874265791048
2024-02-02,LEVI,SELL,21.09,1,0.010545,mean_reversion,-960.6317150860592
2024-02-02,MHK,BUY,110.27,1,0.0551349999999999,mean_reversion,-960.6317150860592
2024-02-05,LEVI,BUY,21.13,1,0.010565,trend_following,-1017.21687981568
2024-02-05,MHK,SELL,115.45,1,0.057725,trend_following,-1017.21687981568
2024-02-07,LEVI,SELL,21.22,1,0.01061,trend_following,-1014.7949466949568
2024-02-07,MHK,BUY,115.32,1,0.0576599999999999,trend_following,-1014.7949466949568
2024-02-08,LEVI,BUY,21.16,1,0.01058,mean_reversion,-1010.5015197991296
2024-02-08,MHK,SELL,114.87,1,0.057435,mean_reversion,-1010.5015197991296
2024-02-09,LEVI,SELL,21.92,1,0.01096,mean_reversion,-1010.391431930006
2024-02-09,MHK,BUY,115.62,1,0.05781,mean_reversion,-1010.391431930006
2024-02-12,LEVI,BUY,22.0,1,0.011,mean_reversion,-1017.7673191612988
2024-02-12,MHK,SELL,116.37,1,0.058185,mean_reversion,-1017.7673191612988
2024-02-13,LEVI,SELL,22.16,1,0.01108,mean_reversion,-1034.3905873989888
2024-02-13,MHK,BUY,118.04,1,0.05902,mean_reversion,-1034.3905873989888
2024-02-14,LEVI,BUY,22.25,1,0.011125,mean_reversion,-1034.1704116607411
2024-02-14,MHK,SELL,118.11,1,0.059055,mean_reversion,-1034.1704116607411
2024-02-15,LEVI,SELL,21.98,1,0.01099,mean_reversion,-1038.3537506874447
2024-02-15,MHK,BUY,118.22,1,0.05911,mean_reversion,-1038.3537506874447
2024-02-16,LEVI,BUY,22.68,1,0.01134,mean_reversion,-1047.1607802173469
2024-02-16,MHK,SELL,119.72,1,0.05986,mean_reversion,-1047.1607802173469
2024-02-19,LEVI,SELL,22.62,1,0.01131,mean_reversion,-1048.8120982542034
2024-02-19,MHK,BUY,119.81,1,0.059905,mean_reversion,-1048.8120982542034
2024-02-20,LEVI,BUY,22.68,1,0.01134,mean_reversion,-1062.0226425490562
2024-02-20,MHK,SELL,121.07,1,0.060535,mean_reversion,-1062.0226425490562
2024-02-21,LEVI,SELL,22.97,1,0.011485,mean_reversion,-1080.297228823603
2024-02-21,MHK,BUY,123.02,1,0.06151,mean_reversion,-1080.297228823603
2024-02-22,LEVI,BUY,22.12,1,0.01106,mean_reversion,-1092.516982296342
2024-02-22,MHK,SELL,123.28,1,0.06164,mean_reversion,-1092.516982296342
2024-02-23,LEVI,SELL,22.2,1,0.0111,mean_reversion,-1065.105102884522
2024-02-23,MHK,BUY,120.87,1,0.060435,mean_reversion,-1065.105102884522
2024-02-26,LEVI,BUY,22.08,1,0.01104,mean_reversion,-1060.8116759886948
2024-02-26,MHK,SELL,120.36,1,0.06018,mean_reversion,-1060.8116759886948
2024-02-27,LEVI,SELL,21.84,1,0.01092,mean_reversion,-1047.6011316938418
2024-02-27,MHK,BUY,118.92,1,0.05946,mean_reversion,-1047.6011316938418
2024-02-28,LEVI,BUY,21.95,1,0.010975,mean_reversion,-1053.435788757402
2024-02-28,MHK,SELL,119.56,1,0.05978,mean_reversion,-1053.435788757402
2024-02-29,LEVI,SELL,21.74,1,0.01087,mean_reversion,-1032.0787421473894
2024-02-29,MHK,BUY,117.41,1,0.058705,mean_reversion,-1032.0787421473894
2024-03-01,LEVI,BUY,21.69,1,0.010845,mean_reversion,-1014.4646830875856
2024-03-01,MHK,SELL,115.76,1,0.05788,mean_reversion,-1014.4646830875856
2024-03-04,LEVI,SELL,22.14,1,0.01107,mean_reversion,-1016.8866162083086
2024-03-04,MHK,BUY,116.43,1,0.058215,mean_reversion,-1016.8866162083086
2024-03-05,LEVI,BUY,22.62,1,0.01131,mean_reversion,-1004.2265112590744
2024-03-05,MHK,SELL,115.76,1,0.05788,mean_reversion,-1004.2265112590744
2024-03-06,LEVI,SELL,22.78,1,0.01139,mean_reversion,-1005.327389950312
2024-03-06,MHK,BUY,116.02,1,0.05801,mean_reversion,-1005.327389950312
2024-03-07,LEVI,BUY,23.49,1,0.011745,trend_following,-1026.0239093455818
2024-03-07,MHK,SELL,118.61,1,0.059305,trend_following,-1026.0239093455818
2024-03-08,LEVI,SELL,24.01,1,0.012005,trend_following,-1056.8485127002389
2024-03-08,MHK,BUY,121.93,1,0.060965,trend_following,-1056.8485127002389
2024-03-11,LEVI,BUY,24.16,1,0.01208,mean_reversion,-1046.1699893952327
2024-03-11,MHK,SELL,121.11,1,0.060555,mean_reversion,-1046.1699893952327
2024-03-12,LEVI,SELL,23.75,1,0.011875,mean_reversion,-990.68570335685
2024-03-12,MHK,BUY,115.66,1,0.05783,mean_reversion,-990.68570335685
2024-03-13,LEVI,BUY,24.17,1,0.012085,mean_reversion,-1011.0519591447484
2024-03-13,MHK,SELL,117.93,1,0.058965,mean_reversion,-1011.0519591447484
2024-03-14,LEVI,SELL,23.84,1,0.01192,mean_reversion,-993.107636477573
2024-03-14,MHK,BUY,115.97,1,0.057985,mean_reversion,-993.107636477573
2024-03-15,LEVI,BUY,23.53,1,0.011765,mean_reversion,-968.5580416629712
2024-03-15,MHK,SELL,113.43,1,0.056715,mean_reversion,-968.5580416629712
2024-03-18,LEVI,SELL,23.58,1,0.01179,mean_reversion,-1019.1984614599078
2024-03-18,MHK,BUY,118.08,1,0.05904,mean_reversion,-1019.1984614599078
2024-03-19,LEVI,BUY,23.7,1,0.01185,mean_reversion,-970.099271830704
2024-03-19,MHK,SELL,113.74,1,0.05687,mean_reversion,-970.099271830704
2024-03-20,LEVI,SELL,23.71,1,0.011855,mean_reversion,-989.3646489273648
2024-03-20,MHK,BUY,115.5,1,0.05775,mean_reversion,-989.3646489273648
2024-03-21,LEVI,BUY,23.38,1,0.0116899999999999,mean_reversion,-974.06243511916
2024-03-21,MHK,SELL,113.78,1,0.05689,mean_reversion,-974.06243511916
2024-03-22,LEVI,SELL,22.85,1,0.011425,mean_reversion,-960.5216272169356
2024-03-22,MHK,BUY,112.02,1,0.05601,mean_reversion,-960.5216272169356
2024-03-25,LEVI,BUY,23.48,1,0.01174,mean_reversion,-958.31986983446
2024-03-25,MHK,SELL,112.45,1,0.056225,mean_reversion,-958.31986983446
2024-03-26,LEVI,SELL,23.54,1,0.01177,mean_reversion,-947.2009950529588
2024-03-26,MHK,BUY,111.5,1,0.05575,mean_reversion,-947.2009950529588
2024-03-27,LEVI,BUY,23.02,1,0.01151,mean_reversion,-951.2742462105384
2024-03-27,MHK,SELL,111.35,1,0.0556749999999999,mean_reversion,-951.2742462105384
2024-03-28,LEVI,SELL,23.01,1,0.011505,mean_reversion,-969.5488324850852
2024-03-28,MHK,BUY,113.0,1,0.0565,mean_reversion,-969.5488324850852
2024-03-29,LEVI,BUY,23.22,1,0.01161,mean_reversion,-964.7049662436392
2024-03-29,MHK,SELL,112.77,1,0.056385,mean_reversion,-964.7049662436392
2024-04-01,LEVI,SELL,23.0,1,0.0115,mean_reversion,-896.2303116486509
2024-04-01,MHK,BUY,106.33,1,0.053165,mean_reversion,-896.2303116486509
2024-04-02,LEVI,BUY,23.12,1,0.01156,mean_reversion,-900.1934749371068
2024-04-02,MHK,SELL,106.81,1,0.053405,mean_reversion,-900.1934749371068
2024-04-03,LEVI,SELL,19.56,1,0.0097799999999999,mean_reversion,-953.0356521165188
2024-04-03,MHK,BUY,108.05,1,0.054025,mean_reversion,-953.0356521165188
2024-04-04,LEVI,BUY,19.28,1,0.00964,trend_following,-1017.106791946556
2024-04-04,MHK,SELL,113.59,1,0.056795,trend_following,-1017.106791946556
2024-04-05,LEVI,SELL,19.22,1,0.00961,trend_following,-977.1448954546256
2024-04-05,MHK,BUY,109.9,1,0.05495,trend_following,-977.1448954546256
2024-04-08,LEVI,BUY,19.08,1,0.00954,trend_following,-983.4199039946808
2024-04-08,MHK,SELL,110.33,1,0.055165,trend_following,-983.4199039946808
2024-04-09,LEVI,SELL,19.04,1,0.0095199999999999,trend_following,-978.5760377532348
2024-04-09,MHK,BUY,109.85,1,0.054925,trend_following,-978.5760377532348
2024-04-10,LEVI,BUY,19.13,1,0.0095649999999999,mean_reversion,-966.3562842804956
2024-04-10,MHK,SELL,108.83,1,0.054415,mean_reversion,-966.3562842804956
2024-04-11,LEVI,SELL,18.96,1,0.00948,mean_reversion,-1001.47431453098
2024-04-11,MHK,BUY,111.85,1,0.0559249999999999,mean_reversion,-1001.47431453098
2024-04-12,LEVI,BUY,18.38,1,0.00919,mean_reversion,-987.2729794140132
2024-04-12,MHK,SELL,109.98,1,0.05499,mean_reversion,-987.2729794140132
2024-04-15,LEVI,SELL,18.56,1,0.00928,mean_reversion,-1017.8774070304224
2024-04-15,MHK,BUY,112.94,1,0.05647,mean_reversion,-1017.8774070304224
2024-04-16,LEVI,BUY,19.12,1,0.00956,trend_following,-1103.745944946967
2024-04-16,MHK,SELL,121.3,1,0.06065,trend_following,-1103.745944946967
2024-04-17,LEVI,SELL,19.11,1,0.009555,trend_following,-1144.2582807845165
2024-04-17,MHK,BUY,124.97,1,0.062485,trend_following,-1144.2582807845165
2024-04-18,LEVI,BUY,18.62,1,0.00931,mean_reversion,-1181.1377169409811
2024-04-18,MHK,SELL,127.83,1,0.063915,mean_reversion,-1181.1377169409811
2024-04-19,LEVI,SELL,18.95,1,0.0094749999999999,mean_reversion,-1231.117609523175
2024-04-19,MHK,BUY,132.7,1,0.0663499999999999,mean_reversion,-1231.117609523175
2024-04-22,LEVI,BUY,18.5,1,0.00925,mean_reversion,-1228.0351491877095
2024-04-22,MHK,SELL,131.97,1,0.065985,mean_reversion,-1228.0351491877095
2024-04-23,LEVI,SELL,18.36,1,0.00918,mean_reversion,-1220.879437694664
2024-04-23,MHK,BUY,131.18,1,0.06559,mean_reversion,-1220.879437694664
2024-04-24,LEVI,BUY,18.33,1,0.009165,mean_reversion,-1197.6508973095474
2024-04-24,MHK,SELL,129.04,1,0.06452,mean_reversion,-1197.6508973095474
2024-04-25,LEVI,SELL,18.48,1,0.00924,mean_reversion,-1177.0644657834014
2024-04-25,MHK,BUY,127.32,1,0.06366,mean_reversion,-1177.0644657834014
2024-04-26,LEVI,BUY,18.09,1,0.009045,mean_reversion,-1189.504394994388
2024-04-26,MHK,SELL,128.06,1,0.06403,mean_reversion,-1189.504394994388
2024-04-29,LEVI,SELL,17.5,1,0.00875,mean_reversion,-1186.311846789799
2024-04-29,MHK,BUY,127.18,1,0.06359,mean_reversion,-1186.311846789799
2024-04-30,LEVI,BUY,17.37,1,0.008685,mean_reversion,-1268.327309287011
2024-04-30,MHK,SELL,134.5,1,0.06725,mean_reversion,-1268.327309287011
2024-05-01,LEVI,SELL,17.88,1,0.00894,mean_reversion,-1551.2531329351136
2024-05-01,MHK,BUY,160.71,1,0.080355,mean_reversion,-1551.2531329351136
2024-05-02,LEVI,BUY,18.31,1,0.009155,mean_reversion,-1568.4268405184223
2024-05-02,MHK,SELL,162.7,1,0.0813499999999999,mean_reversion,-1568.4268405184223
2024-05-03,LEVI,SELL,18.26,1,0.00913,mean_reversion,-1562.372007716615
2024-05-03,MHK,BUY,162.1,1,0.08105,mean_reversion,-1562.372007716615
2024-05-06,LEVI,BUY,18.33,1,0.009165,mean_reversion,-1550.2623421129997
2024-05-06,MHK,SELL,161.07,1,0.080535,mean_reversion,-1550.2623421129997
2024-05-07,LEVI,SELL,17.87,1,0.008935,mean_reversion,-1504.7960521648802
2024-05-07,MHK,BUY,156.48,1,0.0782399999999999,mean_reversion,-1504.7960521648802
2024-05-08,LEVI,BUY,17.15,1,0.008575,mean_reversion,-1466.8157373171778
2024-05-08,MHK,SELL,152.31,1,0.076155,mean_reversion,-1466.8157373171778
2024-05-09,LEVI,SELL,16.95,1,0.008475,mean_reversion,-1410.560836194929
2024-05-09,MHK,BUY,147.0,1,0.0735,mean_reversion,-1410.560836194929
2024-05-10,LEVI,BUY,17.51,1,0.008755,mean_reversion,-1400.7630158429126
2024-05-10,MHK,SELL,146.67,1,0.073335,mean_reversion,-1400.7630158429126
2024-05-13,LEVI,SELL,17.18,1,0.00859,mean_reversion,-1368.8375337970178
2024-05-13,MHK,BUY,143.44,1,0.07172,mean_reversion,-1368.8375337970178
2024-05-14,LEVI,BUY,17.68,1,0.00884,mean_reversion,-1386.341504987698
2024-05-14,MHK,SELL,145.53,1,0.072765,mean_reversion,-1386.341504987698
2024-05-15,LEVI,SELL,17.52,1,0.00876,mean_reversion,-1398.2309948530658
2024-05-15,MHK,BUY,146.45,1,0.073225,mean_reversion,-1398.2309948530658
2024-05-16,LEVI,BUY,17.79,1,0.008895,mean_reversion,-1371.369554786865
2024-05-16,MHK,SELL,144.28,1,0.07214,mean_reversion,-1371.369554786865
2024-05-17,LEVI,SELL,18.25,1,0.009125,mean_reversion,-1394.9283587793527
2024-05-17,MHK,BUY,146.88,1,0.07344,mean_reversion,-1394.9283587793527
2024-05-20,LEVI,BUY,18.06,1,0.00903,mean_reversion,-1365.6449855924284
2024-05-20,MHK,SELL,144.03,1,0.072015,mean_reversion,-1365.6449855924284
2024-05-21,LEVI,SELL,18.81,1,0.009405,mean_reversion,-1386.891944333317
2024-05-21,MHK,BUY,146.71,1,0.073355,mean_reversion,-1386.891944333317
2024-05-22,LEVI,BUY,18.99,1,0.009495,mean_reversion,-1381.7178144844995
2024-05-22,MHK,SELL,146.42,1,0.07321,mean_reversion,-1381.7178144844995
2024-05-23,LEVI,SELL,19.36,1,0.00968,mean_reversion,-1410.2305725875572
2024-05-23,MHK,BUY,149.38,1,0.0746899999999999,mean_reversion,-1410.2305725875572
2024-05-24,LEVI,BUY,18.98,1,0.00949,mean_reversion,-1397.4603797691996
2024-05-24,MHK,SELL,147.84,1,0.07392,mean_reversion,-1397.4603797691996
2024-05-27,LEVI,SELL,19.29,1,0.0096449999999999,mean_reversion,-1421.349447369059
2024-05-27,MHK,BUY,150.32,1,0.07516,mean_reversion,-1421.349447369059
2024-05-28,LEVI,BUY,18.94,1,0.00947,mean_reversion,-1420.3586565469448
2024-05-28,MHK,SELL,149.88,1,0.0749399999999999,mean_reversion,-1420.3586565469448
2024-05-29,LEVI,SELL,19.5,1,0.00975,mean_reversion,-1500.8328888764245
2024-05-29,MHK,BUY,157.75,1,0.078875,mean_reversion,-1500.8328888764245
2024-05-30,LEVI,BUY,18.99,1,0.009495,mean_reversion,-1477.6043484913075
2024-05-30,MHK,SELL,155.13,1,0.077565,mean_reversion,-1477.6043484913075
2024-05-31,LEVI,SELL,19.3,1,0.00965,mean_reversion,-1462.5223104213503
2024-05-31,MHK,BUY,154.07,1,0.0770349999999999,mean_reversion,-1462.5223104213503
2024-06-03,LEVI,BUY,18.82,1,0.00941,mean_reversion,-1472.9806579881092
2024-06-03,MHK,SELL,154.54,1,0.0772699999999999,mean_reversion,-1472.9806579881092
2024-06-04,LEVI,SELL,19.04,1,0.0095199999999999,mean_reversion,-1461.0911681227417
2024-06-04,MHK,BUY,153.68,1,0.07684,mean_reversion,-1461.0911681227417
2024-06-05,LEVI,BUY,19.27,1,0.009635,mean_reversion,-1474.6319760249658
2024-06-05,MHK,SELL,155.14,1,0.07757,mean_reversion,-1474.6319760249658
2024-06-06,LEVI,SELL,19.2,1,0.0096,mean_reversion,-1428.0648073856091
2024-06-06,MHK,BUY,150.84,1,0.07542,mean_reversion,-1428.0648073856091
2024-06-07,LEVI,BUY,19.08,1,0.00954,mean_reversion,-1427.0740165634952
2024-06-07,MHK,SELL,150.63,1,0.075315,mean_reversion,-1427.0740165634952
2024-06-10,LEVI,SELL,18.83,1,0.009415,mean_reversion,-1408.909518158072
2024-06-10,MHK,BUY,148.73,1,0.074365,mean_reversion,-1408.909518158072
2024-06-11,LEVI,BUY,18.61,1,0.009305,mean_reversion,-1402.4143338797694
2024-06-11,MHK,SELL,147.92,1,0.07396,mean_reversion,-1402.4143338797694
2024-06-12,LEVI,SELL,18.83,1,0.009415,mean_reversion,-1413.4231207921468
2024-06-12,MHK,BUY,149.14,1,0.07457,mean_reversion,-1413.4231207921468
2024-06-13,LEVI,BUY,19.23,1,0.009615,mean_reversion,-1416.945932604108
2024-06-13,MHK,SELL,149.86,1,0.07493,mean_reversion,-1416.945932604108
2024-06-14,LEVI,SELL,19.29,1,0.0096449999999999,mean_reversion,-1399.9924007590464
2024-06-14,MHK,BUY,148.38,1,0.07419,mean_reversion,-1399.9924007590464
2024-06-17,LEVI,BUY,19.24,1,0.00962,mean_reversion,-1419.257777855707
2024-06-17,MHK,SELL,150.08,1,0.07504,mean_reversion,-1419.257777855707
2024-06-18,LEVI,SELL,19.93,1,0.009965,mean_reversion,-1482.8885662092491
2024-06-18,MHK,BUY,156.55,1,0.078275,mean_reversion,-1482.8885662092491
2024-06-19,LEVI,BUY,19.48,1,0.00974,mean_reversion,-1479.8061058737835
2024-06-19,MHK,SELL,155.82,1,0.07791,mean_reversion,-1479.8061058737835
2024-06-20,LEVI,SELL,19.7,1,0.00985,mean_reversion,-1467.806528139292
2024-06-20,MHK,BUY,154.95,1,0.077475,mean_reversion,-1467.806528139292
2024-06-21,LEVI,SELL,19.78,1,0.00989,trend_following,-1485.2004114608485
2024-06-21,MHK,BUY,156.61,1,0.078305,trend_following,-1485.2004114608485
2024-06-24,LEVI,BUY,19.92,1,0.00996,trend_following,-1500.8328888764245
2024-06-24,MHK,SELL,158.17,1,0.0790849999999999,trend_following,-1500.8328888764245
2024-06-25,LEVI,BUY,20.16,1,0.01008,mean_reversion,-1491.9157714773987
2024-06-25,MHK,SELL,157.6,1,0.0788,mean_reversion,-1491.9157714773987
2024-06-26,LEVI,SELL,20.42,1,0.01021,mean_reversion,-1492.4662108230175
2024-06-26,MHK,BUY,157.91,1,0.078955,mean_reversion,-1492.4662108230175
2024-06-27,LEVI,BUY,20.68,1,0.01034,mean_reversion,-1480.466633088526
2024-06-27,MHK,SELL,157.08,1,0.07854,mean_reversion,-1480.466633088526
2024-06-28,LEVI,SELL,20.88,1,0.01044,mean_reversion,-1448.1007995661362
2024-06-28,MHK,BUY,154.34,1,0.07717,mean_reversion,-1448.1007995661362
2024-07-01,LEVI,BUY,21.46,1,0.01073,trend_following,-1465.4946828876923
2024-07-01,MHK,SELL,156.5,1,0.07825,trend_following,-1465.4946828876923
2024-07-08,LEVI,SELL,19.44,1,0.00972,trend_following,-1509.7500062754502
2024-07-08,MHK,BUY,158.5,1,0.07925,trend_following,-1509.7500062754502
2024-07-09,LEVI,SELL,19.82,1,0.00991,trend_following,-1460.870992384494
2024-07-09,MHK,BUY,154.44,1,0.07722,trend_following,-1460.870992384494
2024-07-16,LEVI,BUY,19.14,1,0.00957,trend_following,-1499.8420980543108
2024-07-16,MHK,SELL,157.3,1,0.07865,trend_following,-1499.8420980543108
2024-07-17,LEVI,BUY,19.04,1,0.0095199999999999,mean_reversion,-1510.6307092284403
2024-07-17,MHK,SELL,158.18,1,0.07909,mean_reversion,-1510.6307092284403
2024-07-18,LEVI,SELL,19.32,1,0.00966,mean_reversion,-1525.9329230366452
2024-07-18,MHK,BUY,159.85,1,0.079925,mean_reversion,-1525.9329230366452
2024-07-19,LEVI,BUY,18.74,1,0.00937,mean_reversion,-1544.5377729185632
2024-07-19,MHK,SELL,160.96,1,0.08048,mean_reversion,-1544.5377729185632
2024-07-22,LEVI,SELL,18.51,1,0.009255,mean_reversion,-1527.6943289426256
2024-07-22,MHK,BUY,159.2,1,0.0795999999999999,mean_reversion,-1527.6943289426256
2024-07-23,LEVI,BUY,18.66,1,0.00933,mean_reversion,-1546.4092666936676
2024-07-23,MHK,SELL,161.05,1,0.080525,mean_reversion,-1546.4092666936676
2024-07-24,LEVI,SELL,18.65,1,0.009325,mean_reversion,-1548.7211119452666
2024-07-24,MHK,BUY,161.25,1,0.080625,mean_reversion,-1548.7211119452666
2024-07-25,LEVI,BUY,18.31,1,0.009155,mean_reversion,-1460.870992384494
2024-07-25,MHK,SELL,152.93,1,0.076465,mean_reversion,-1460.870992384494
2024-07-26,LEVI,SELL,17.78,1,0.00889,mean_reversion,-1453.1648415458296
2024-07-26,MHK,BUY,151.7,1,0.07585,mean_reversion,-1453.1648415458296
2024-07-29,LEVI,BUY,17.49,1,0.008745,mean_reversion,-1458.228883525523
2024-07-29,MHK,SELL,151.87,1,0.075935,mean_reversion,-1458.228883525523
2024-07-30,LEVI,SELL,17.48,1,0.00874,mean_reversion,-1227.2645341038428
2024-07-30,MHK,BUY,130.88,1,0.06544,mean_reversion,-1227.2645341038428
2024-07-31,LEVI,SELL,17.66,1,0.00883,trend_following,-1234.4202455968884
2024-07-31,MHK,BUY,131.71,1,0.065855,trend_following,-1234.4202455968884
2024-08-28,LEVI,BUY,17.11,1,0.008555,trend_following,-1387.1121200715647
2024-08-28,MHK,SELL,145.03,1,0.072515,trend_following,-1387.1121200715647
2024-08-29,LEVI,BUY,16.78,1,0.00839,mean_reversion,-1334.4901186303998
2024-08-29,MHK,SELL,139.92,1,0.06996,mean_reversion,-1334.4901186303998
2024-08-30,LEVI,SELL,16.91,1,0.008455,mean_reversion,-1324.0317710636414
2024-08-30,MHK,BUY,139.1,1,0.06955,mean_reversion,-1324.0317710636414
2024-09-02,LEVI,BUY,17.46,1,0.00873,mean_reversion,-1315.004565795492
2024-09-02,MHK,SELL,138.83,1,0.069415,mean_reversion,-1315.004565795492
2024-09-03,LEVI,SELL,18.18,1,0.00909,mean_reversion,-1279.5562719376362
2024-09-03,MHK,BUY,136.33,1,0.068165,mean_reversion,-1279.5562719376362
2024-09-04,LEVI,SELL,18.4,1,0.0092,trend_following,-1267.2264305957733
2024-09-04,MHK,BUY,135.43,1,0.067715,trend_following,-1267.2264305957733
2024-09-05,LEVI,BUY,18.49,1,0.009245,trend_following,-1219.88864687255
2024-09-05,MHK,SELL,131.22,1,0.06561,trend_following,-1219.88864687255
2024-09-06,LEVI,BUY,17.9,1,0.00895,mean_reversion,-1228.695676402452
2024-09-06,MHK,SELL,131.43,1,0.065715,mean_reversion,-1228.695676402452
2024-09-09,LEVI,SELL,17.77,1,0.008885,mean_reversion,-1224.5123373757483
2024-09-09,MHK,BUY,130.92,1,0.0654599999999999,mean_reversion,-1224.5123373757483
2024-09-10,LEVI,BUY,17.55,1,0.008775,mean_reversion,-1249.5022836668456
2024-09-10,MHK,SELL,132.97,1,0.066485,mean_reversion,-1249.5022836668456
2024-09-11,LEVI,SELL,17.43,1,0.008715,mean_reversion,-1228.8057642715758
2024-09-11,MHK,BUY,130.97,1,0.065485,mean_reversion,-1228.8057642715758
2024-09-12,LEVI,BUY,17.48,1,0.00874,mean_reversion,-1228.255324925957
2024-09-12,MHK,SELL,130.97,1,0.065485,mean_reversion,-1228.255324925957
2024-09-13,LEVI,SELL,17.37,1,0.008685,mean_reversion,-1223.1912829462633
2024-09-13,MHK,BUY,130.4,1,0.0652,mean_reversion,-1223.1912829462633
2024-09-16,LEVI,BUY,17.3,1,0.00865,mean_reversion,-1195.449139927072
2024-09-16,MHK,SELL,127.81,1,0.063905,mean_reversion,-1195.449139927072
2024-09-17,LEVI,SELL,17.11,1,0.008555,mean_reversion,-1185.4311438368084
2024-09-17,MHK,BUY,126.71,1,0.063355,mean_reversion,-1185.4311438368084
2024-09-18,LEVI,BUY,16.95,1,0.008475,mean_reversion,-1165.06488804891
2024-09-18,MHK,SELL,124.7,1,0.06235,mean_reversion,-1165.06488804891
2024-09-19,LEVI,SELL,16.79,1,0.008395,mean_reversion,-1105.1770872455763
2024-09-19,MHK,BUY,119.1,1,0.05955,mean_reversion,-1105.1770872455763
2024-09-20,LEVI,BUY,16.65,1,0.0083249999999999,mean_reversion,-1081.6182832530883
2024-09-20,MHK,SELL,116.82,1,0.05841,mean_reversion,-1081.6182832530883
2024-09-23,LEVI,SELL,17.39,1,0.008695,mean_reversion,-1099.2323423128923
2024-09-23,MHK,BUY,119.16,1,0.05958,mean_reversion,-1099.2323423128923
2024-09-24,LEVI,BUY,17.32,1,0.00866,mean_reversion,-1104.1862964234622
2024-09-24,MHK,SELL,119.54,1,0.05977,mean_reversion,-1104.1862964234622
2024-09-25,LEVI,SELL,17.44,1,0.00872,mean_reversion,-1110.0209534870223
2024-09-25,MHK,BUY,120.19,1,0.060095,mean_reversion,-1110.0209534870223
2024-09-26,LEVI,BUY,17.47,1,0.008735,mean_reversion,-1103.8560328160909
2024-09-26,MHK,SELL,119.66,1,0.05983,mean_reversion,-1103.8560328160909
2024-09-27,LEVI,SELL,17.19,1,0.008595,mean_reversion,-1097.6911121451594
2024-09-27,MHK,BUY,118.82,1,0.05941,mean_reversion,-1097.6911121451594
2024-09-30,LEVI,BUY,17.34,1,0.00867,mean_reversion,-1092.9573337728373
2024-09-30,MHK,SELL,118.54,1,0.05927,mean_reversion,-1092.9573337728373
2024-10-01,LEVI,SELL,17.3,1,0.00865,mean_reversion,-1099.892869527635
2024-10-01,MHK,BUY,119.13,1,0.059565,mean_reversion,-1099.892869527635
2024-10-02,LEVI,BUY,17.42,1,0.00871,mean_reversion,-1063.233609109418
2024-10-02,MHK,SELL,115.92,1,0.05796,mean_reversion,-1063.233609109418
2024-10-03,LEVI,SELL,17.61,1,0.008805,mean_reversion,-1076.444153404271
2024-10-03,MHK,BUY,117.31,1,0.058655,mean_reversion,-1076.444153404271
2024-10-04,LEVI,BUY,17.84,1,0.00892,mean_reversion,-1078.9761743941176
2024-10-04,MHK,SELL,117.77,1,0.058885,mean_reversion,-1078.9761743941176
2024-10-07,LEVI,SELL,17.67,1,0.008835,mean_reversion,-1075.6735383204043
2024-10-07,MHK,BUY,117.3,1,0.05865,mean_reversion,-1075.6735383204043
2024-10-08,LEVI,BUY,17.86,1,0.00893,mean_reversion,-1084.3704799811828
2024-10-08,MHK,SELL,118.28,1,0.05914,mean_reversion,-1084.3704799811828
2024-10-09,LEVI,SELL,17.62,1,0.00881,mean_reversion,-1084.9209193268016
2024-10-09,MHK,BUY,118.09,1,0.059045,mean_reversion,-1084.9209193268016
2024-10-10,LEVI,BUY,17.42,1,0.00871,mean_reversion,-1139.7446781504418
2024-10-10,MHK,SELL,122.87,1,0.061435,mean_reversion,-1139.7446781504418
2024-10-11,LEVI,SELL,17.39,1,0.008695,mean_reversion,-1169.908754290356
2024-10-11,MHK,BUY,125.58,1,0.06279,mean_reversion,-1169.908754290356
2024-10-14,LEVI,BUY,17.72,1,0.00886,mean_reversion,-1215.5952199767228
2024-10-14,MHK,SELL,130.06,1,0.06503,mean_reversion,-1215.5952199767228
2024-10-15,LEVI,SELL,17.57,1,0.008785,mean_reversion,-1202.4947635509936
2024-10-15,MHK,BUY,128.72,1,0.06436,mean_reversion,-1202.4947635509936
2024-10-16,LEVI,SELL,17.37,1,0.008685,trend_following,-1210.7513537352768
2024-10-16,MHK,BUY,129.27,1,0.064635,trend_following,-1210.7513537352768
2024-10-17,LEVI,BUY,17.54,1,0.00877,trend_following,-1224.1820737683774
2024-10-17,MHK,SELL,130.66,1,0.06533,trend_following,-1224.1820737683774
2024-10-18,LEVI,BUY,17.62,1,0.00881,mean_reversion,-1222.861019338892
2024-10-18,MHK,SELL,130.62,1,0.06531,mean_reversion,-1222.861019338892
2024-10-21,LEVI,SELL,17.81,1,0.008905,mean_reversion,-1223.0811950771397
2024-10-21,MHK,BUY,130.83,1,0.065415,mean_reversion,-1223.0811950771397
2024-10-22,LEVI,BUY,17.54,1,0.00877,mean_reversion,-1165.1749759180336
2024-10-22,MHK,SELL,125.3,1,0.06265,mean_reversion,-1165.1749759180336
2024-10-23,LEVI,SELL,18.24,1,0.00912,mean_reversion,-1186.8622861354174
2024-10-23,MHK,BUY,127.97,1,0.063985,mean_reversion,-1186.8622861354174
2024-10-24,LEVI,BUY,18.36,1,0.00918,mean_reversion,-1146.1297745596207
2024-10-24,MHK,SELL,124.39,1,0.062195,mean_reversion,-1146.1297745596207
2024-10-25,LEVI,SELL,18.09,1,0.009045,mean_reversion,-1166.1657667401478
2024-10-25,MHK,BUY,125.94,1,0.06297,mean_reversion,-1166.1657667401478
2024-10-28,LEVI,BUY,18.85,1,0.009425,trend_following,-1163.8539214885484
2024-10-28,MHK,SELL,126.49,1,0.063245,trend_following,-1163.8539214885484
2024-11-04,LEVI,SELL,19.06,1,0.00953,trend_following,-1111.7823593930027
2024-11-04,MHK,BUY,121.97,1,0.060985,trend_following,-1111.7823593930027
2024-11-05,LEVI,BUY,18.44,1,0.00922,mean_reversion,-1100.5533967423778
2024-11-05,MHK,SELL,120.33,1,0.060165,mean_reversion,-1100.5533967423778
2024-11-06,LEVI,SELL,18.21,1,0.009105,mean_reversion,-1071.6002871628248
2024-11-06,MHK,BUY,117.47,1,0.058735,mean_reversion,-1071.6002871628248
2024-11-07,LEVI,BUY,17.79,1,0.008895,mean_reversion,-1096.3700577156742
2024-11-07,MHK,SELL,119.3,1,0.05965,mean_reversion,-1096.3700577156742
2024-11-08,LEVI,SELL,17.48,1,0.00874,mean_reversion,-1071.7103750319486
2024-11-08,MHK,BUY,116.75,1,0.058375,mean_reversion,-1071.7103750319486
2024-11-11,LEVI,BUY,18.22,1,0.00911,mean_reversion,-1095.929706239179
2024-11-11,MHK,SELL,119.69,1,0.059845,mean_reversion,-1095.929706239179
2024-11-12,LEVI,SELL,18.27,1,0.009135,mean_reversion,-1109.9108656178987
2024-11-12,MHK,BUY,121.01,1,0.060505,mean_reversion,-1109.9108656178987
2024-11-13,LEVI,BUY,18.09,1,0.009045,mean_reversion,-1094.6086518096938
2024-11-13,MHK,SELL,119.44,1,0.05972,mean_reversion,-1094.6086518096938
2024-11-14,LEVI,SELL,18.22,1,0.00911,mean_reversion,-1082.1687225987073
2024-11-14,MHK,BUY,118.44,1,0.05922,mean_reversion,-1082.1687225987073
2024-11-15,LEVI,BUY,18.67,1,0.009335,mean_reversion,-1072.3709022466912
2024-11-15,MHK,SELL,118.0,1,0.059,mean_reversion,-1072.3709022466912
2024-11-18,LEVI,SELL,18.39,1,0.009195,mean_reversion,-1052.3349100661642
2024-11-18,MHK,BUY,115.9,1,0.05795,mean_reversion,-1052.3349100661642
2024-11-19,LEVI,BUY,18.91,1,0.009455,mean_reversion,-1041.216035284663
2024-11-19,MHK,SELL,115.41,1,0.057705,mean_reversion,-1041.216035284663
2024-11-20,LEVI,SELL,18.15,1,0.009075,mean_reversion,-1086.5722373636584
2024-11-20,MHK,BUY,118.77,1,0.059385,mean_reversion,-1086.5722373636584
2024-11-21,LEVI,BUY,17.77,1,0.008885,mean_reversion,-1089.654697699124
2024-11-21,MHK,SELL,118.67,1,0.059335,mean_reversion,-1089.654697699124
2024-11-22,LEVI,SELL,17.49,1,0.008745,mean_reversion,-1068.4077389582353
2024-11-22,MHK,BUY,116.46,1,0.05823,mean_reversion,-1068.4077389582353
2024-11-25,LEVI,BUY,17.97,1,0.008985,mean_reversion,-1075.5634504512807
2024-11-25,MHK,SELL,117.59,1,0.058795,mean_reversion,-1075.5634504512807
2024-11-26,LEVI,SELL,17.23,1,0.008615,mean_reversion,-1069.508617649473
2024-11-26,MHK,BUY,116.3,1,0.05815,mean_reversion,-1069.508617649473
2024-11-27,LEVI,BUY,16.55,1,0.008275,trend_following,-1040.4454202007964
2024-11-27,MHK,SELL,112.98,1,0.05649,trend_following,-1040.4454202007964
2024-11-28,LEVI,SELL,16.66,1,0.00833,trend_following,-1083.5998648973164
2024-11-28,MHK,BUY,117.01,1,0.058505,trend_following,-1083.5998648973164
2024-11-29,LEVI,BUY,16.48,1,0.00824,trend_following,-1098.3516393599025
2024-11-29,MHK,SELL,118.17,1,0.059085,trend_following,-1098.3516393599025
2024-12-02,LEVI,SELL,16.48,1,0.00824,trend_following,-1085.5814465415442
2024-12-02,MHK,BUY,117.01,1,0.058505,trend_following,-1085.5814465415442
2024-12-03,LEVI,BUY,16.19,1,0.008095,trend_following,-1075.013011105662
2024-12-03,MHK,SELL,115.76,1,0.05788,trend_following,-1075.013011105662
2024-12-04,LEVI,SELL,16.23,1,0.008115,trend_following,-1038.9041900330635
2024-12-04,MHK,BUY,112.52,1,0.05626,trend_following,-1038.9041900330635
2024-12-05,LEVI,BUY,16.36,1,0.00818,mean_reversion,-1047.2708680864705
2024-12-05,MHK,SELL,113.41,1,0.056705,mean_reversion,-1047.2708680864705
2024-12-06,LEVI,SELL,15.59,1,0.007795,mean_reversion,-1028.3357545971812
2024-12-06,MHK,BUY,110.92,1,0.05546,mean_reversion,-1028.3357545971812
2024-12-09,LEVI,BUY,16.11,1,0.008055,mean_reversion,-1059.8208851665809
2024-12-09,MHK,SELL,114.3,1,0.05715,mean_reversion,-1059.8208851665809
2024-12-10,LEVI,SELL,16.44,1,0.00822,mean_reversion,-1060.261236643076
2024-12-10,MHK,BUY,114.67,1,0.057335,mean_reversion,-1060.261236643076
2024-12-11,LEVI,BUY,15.82,1,0.00791,mean_reversion,-1062.683169763799
2024-12-11,MHK,SELL,114.27,1,0.057135,mean_reversion,-1062.683169763799
2024-12-12,LEVI,SELL,16.08,1,0.0080399999999999,mean_reversion,-1062.4629940255516
2024-12-12,MHK,BUY,114.51,1,0.057255,mean_reversion,-1062.4629940255516
2024-12-13,LEVI,BUY,15.8,1,0.0079,mean_reversion,-1062.9033455020465
2024-12-13,MHK,SELL,114.27,1,0.057135,mean_reversion,-1062.9033455020465
2024-12-16,LEVI,SELL,16.05,1,0.008025,mean_reversion,-1033.7300601842462
2024-12-16,MHK,BUY,111.87,1,0.055935,mean_reversion,-1033.7300601842462
2024-12-17,LEVI,BUY,16.04,1,0.00802,mean_reversion,-1084.810831457678
2024-12-17,MHK,SELL,116.5,1,0.05825,mean_reversion,-1084.810831457678
2024-12-18,LEVI,SELL,16.09,1,0.008045,mean_reversion,-1079.5266137397366
2024-12-18,MHK,BUY,116.07,1,0.0580349999999999,mean_reversion,-1079.5266137397366
2024-12-19,LEVI,BUY,16.04,1,0.00802,mean_reversion,-1088.7739947461337
2024-12-19,MHK,SELL,116.86,1,0.05843,mean_reversion,-1088.7739947461337
2024-12-20,LEVI,SELL,15.98,1,0.00799,mean_reversion,-1093.067421641961
2024-12-20,MHK,BUY,117.19,1,0.058595,mean_reversion,-1093.067421641961
2024-12-23,LEVI,BUY,15.69,1,0.007845,mean_reversion,-1058.279654998848
2024-12-23,MHK,SELL,113.74,1,0.05687,mean_reversion,-1058.279654998848
2024-12-24,LEVI,SELL,15.59,1,0.007795,mean_reversion,-1064.224399931532
2024-12-24,MHK,BUY,114.18,1,0.05709,mean_reversion,-1064.224399931532